Tur,Yol
Kullanilmayan Asset,/Game/BP_Door.BP_Door
Kullanilmayan Asset,/Game/BP_GlassStatue.BP_GlassStatue
Kullanilmayan Asset,/Game/BP_MoverActor.BP_MoverActor
Kullanilmayan Asset,/Game/BP_TestDoorLock.BP_TestDoorLock
Kullanilmayan Asset,/Game/Characters/Mannequins/Anims/Death/A_MM_Death_Back_01.A_MM_Death_Back_01
Kullanilmayan Asset,/Game/Characters/Mannequins/Anims/Death/A_MM_Death_Front_01.A_MM_Death_Front_01
Kullanilmayan Asset,/Game/Characters/Mannequins/Anims/Death/A_MM_Death_Front_02.A_MM_Death_Front_02
Kullanilmayan Asset,/Game/Characters/Mannequins/Anims/Death/A_MM_Death_Front_03.A_MM_Death_Front_03
Kullanilmayan Asset,/Game/Characters/Mannequins/Anims/Death/A_MM_Death_Left_01.A_MM_Death_Left_01
Kullanilmayan Asset,/Game/Characters/Mannequins/Anims/Death/A_MM_Death_Right_01.A_MM_Death_Right_01
Kullanilmayan Asset,/Game/Characters/Mannequins/Anims/Pistol/A_MF_Pistol_Idle_ADS.A_MF_Pistol_Idle_ADS
Kullanilmayan Asset,/Game/Characters/Mannequins/Anims/Pistol/A_MM_Pistol_DryFire.A_MM_Pistol_DryFire
Kullanilmayan Asset,/Game/Characters/Mannequins/Anims/Pistol/A_MM_Pistol_Equip.A_MM_Pistol_Equip
Kullanilmayan Asset,/Game/Characters/Mannequins/Anims/Pistol/A_MM_Pistol_Fire.A_MM_Pistol_Fire
Kullanilmayan Asset,/Game/Characters/Mannequins/Anims/Pistol/A_MM_Pistol_Reload.A_MM_Pistol_Reload
Kullanilmayan Asset,/Game/Characters/Mannequins/Anims/Pistol/Aim/A_MF_Pistol_Idle_ADS1.A_MF_Pistol_Idle_ADS1
Kullanilmayan Asset,/Game/Characters/Mannequins/Anims/Pistol/Aim/A_MF_Pistol_Idle_ADS_AO_CD.A_MF_Pistol_Idle_ADS_AO_CD
Kullanilmayan Asset,/Game/Characters/Mannequins/Anims/Pistol/Aim/A_MF_Pistol_Idle_ADS_AO_CU.A_MF_Pistol_Idle_ADS_AO_CU
Kullanilmayan Asset,/Game/Characters/Mannequins/Anims/Pistol/Aim/AO_Pistol.AO_Pistol
Kullanilmayan Asset,/Game/Characters/Mannequins/Anims/Pistol/AM_MM_Pistol_Fire_Montage.AM_MM_Pistol_Fire_Montage
Kullanilmayan Asset,/Game/Characters/Mannequins/Anims/Pistol/Jog/A_MF_Pistol_Jog_Bwd.A_MF_Pistol_Jog_Bwd
Kullanilmayan Asset,/Game/Characters/Mannequins/Anims/Pistol/Jog/A_MF_Pistol_Jog_Bwd_Left.A_MF_Pistol_Jog_Bwd_Left
Kullanilmayan Asset,/Game/Characters/Mannequins/Anims/Pistol/Jog/A_MF_Pistol_Jog_Bwd_Right.A_MF_Pistol_Jog_Bwd_Right
Kullanilmayan Asset,/Game/Characters/Mannequins/Anims/Pistol/Jog/A_MF_Pistol_Jog_Fwd.A_MF_Pistol_Jog_Fwd
Kullanilmayan Asset,/Game/Characters/Mannequins/Anims/Pistol/Jog/A_MF_Pistol_Jog_Fwd_Left.A_MF_Pistol_Jog_Fwd_Left
Kullanilmayan Asset,/Game/Characters/Mannequins/Anims/Pistol/Jog/A_MF_Pistol_Jog_Fwd_Right.A_MF_Pistol_Jog_Fwd_Right
Kullanilmayan Asset,/Game/Characters/Mannequins/Anims/Pistol/Jog/A_MF_Pistol_Jog_Left.A_MF_Pistol_Jog_Left
Kullanilmayan Asset,/Game/Characters/Mannequins/Anims/Pistol/Jog/A_MF_Pistol_Jog_Right.A_MF_Pistol_Jog_Right
Kullanilmayan Asset,/Game/Characters/Mannequins/Anims/Pistol/Jump/A_MM_Pistol_Jump_Fall_Loop.A_MM_Pistol_Jump_Fall_Loop
Kullanilmayan Asset,/Game/Characters/Mannequins/Anims/Pistol/Jump/A_MM_Pistol_Jump_RecoveryAdditive.A_MM_Pistol_Jump_RecoveryAdditive
Kullanilmayan Asset,/Game/Characters/Mannequins/Anims/Pistol/Jump/A_MM_Pistol_Jump_Start.A_MM_Pistol_Jump_Start
Kullanilmayan Asset,/Game/Characters/Mannequins/Anims/Pistol/Walk/A_MF_Pistol_Walk_Bwd.A_MF_Pistol_Walk_Bwd
Kullanilmayan Asset,/Game/Characters/Mannequins/Anims/Pistol/Walk/A_MF_Pistol_Walk_Bwd_Left.A_MF_Pistol_Walk_Bwd_Left
Kullanilmayan Asset,/Game/Characters/Mannequins/Anims/Pistol/Walk/A_MF_Pistol_Walk_Bwd_Right.A_MF_Pistol_Walk_Bwd_Right
Kullanilmayan Asset,/Game/Characters/Mannequins/Anims/Pistol/Walk/A_MF_Pistol_Walk_Fwd.A_MF_Pistol_Walk_Fwd
Kullanilmayan Asset,/Game/Characters/Mannequins/Anims/Pistol/Walk/A_MF_Pistol_Walk_Fwd_Left.A_MF_Pistol_Walk_Fwd_Left
Kullanilmayan Asset,/Game/Characters/Mannequins/Anims/Pistol/Walk/A_MF_Pistol_Walk_Fwd_Right.A_MF_Pistol_Walk_Fwd_Right
Kullanilmayan Asset,/Game/Characters/Mannequins/Anims/Pistol/Walk/A_MF_Pistol_Walk_Left.A_MF_Pistol_Walk_Left
Kullanilmayan Asset,/Game/Characters/Mannequins/Anims/Pistol/Walk/A_MF_Pistol_Walk_Right.A_MF_Pistol_Walk_Right
Kullanilmayan Asset,/Game/Characters/Mannequins/Anims/Rifle/A_MF_Rifle_Idle_ADS.A_MF_Rifle_Idle_ADS
Kullanilmayan Asset,/Game/Characters/Mannequins/Anims/Rifle/A_MM_Rifle_DryFire.A_MM_Rifle_DryFire
Kullanilmayan Asset,/Game/Characters/Mannequins/Anims/Rifle/A_MM_Rifle_Equip.A_MM_Rifle_Equip
Kullanilmayan Asset,/Game/Characters/Mannequins/Anims/Rifle/A_MM_Rifle_Fire.A_MM_Rifle_Fire
Kullanilmayan Asset,/Game/Characters/Mannequins/Anims/Rifle/A_MM_Rifle_Reload.A_MM_Rifle_Reload
Kullanilmayan Asset,/Game/Characters/Mannequins/Anims/Rifle/AIM/A_MM_Rifle_Idle_ADS_AO_CC.A_MM_Rifle_Idle_ADS_AO_CC
Kullanilmayan Asset,/Game/Characters/Mannequins/Anims/Rifle/AIM/A_MM_Rifle_Idle_ADS_AO_CD.A_MM_Rifle_Idle_ADS_AO_CD
Kullanilmayan Asset,/Game/Characters/Mannequins/Anims/Rifle/AIM/A_MM_Rifle_Idle_ADS_AO_CU.A_MM_Rifle_Idle_ADS_AO_CU
Kullanilmayan Asset,/Game/Characters/Mannequins/Anims/Rifle/AIM/AO_Rifle.AO_Rifle
Kullanilmayan Asset,/Game/Characters/Mannequins/Anims/Rifle/HitReact/A_MM_HitReact_Back_Med_01.A_MM_HitReact_Back_Med_01
Kullanilmayan Asset,/Game/Characters/Mannequins/Anims/Rifle/HitReact/A_MM_HitReact_Front_Hvy_01.A_MM_HitReact_Front_Hvy_01
Kullanilmayan Asset,/Game/Characters/Mannequins/Anims/Rifle/HitReact/A_MM_HitReact_Front_Lgt_01.A_MM_HitReact_Front_Lgt_01
Kullanilmayan Asset,/Game/Characters/Mannequins/Anims/Rifle/HitReact/A_MM_HitReact_Front_Lgt_02.A_MM_HitReact_Front_Lgt_02
Kullanilmayan Asset,/Game/Characters/Mannequins/Anims/Rifle/HitReact/A_MM_HitReact_Front_Lgt_03.A_MM_HitReact_Front_Lgt_03
Kullanilmayan Asset,/Game/Characters/Mannequins/Anims/Rifle/HitReact/A_MM_HitReact_Front_Lgt_04.A_MM_HitReact_Front_Lgt_04
Kullanilmayan Asset,/Game/Characters/Mannequins/Anims/Rifle/HitReact/A_MM_HitReact_Front_Med_01.A_MM_HitReact_Front_Med_01
Kullanilmayan Asset,/Game/Characters/Mannequins/Anims/Rifle/HitReact/A_MM_HitReact_Front_Med_02.A_MM_HitReact_Front_Med_02
Kullanilmayan Asset,/Game/Characters/Mannequins/Anims/Rifle/Jog/A_MF_Rifle_Jog_Bwd.A_MF_Rifle_Jog_Bwd
Kullanilmayan Asset,/Game/Characters/Mannequins/Anims/Rifle/Jog/A_MF_Rifle_Jog_Bwd_Left.A_MF_Rifle_Jog_Bwd_Left
Kullanilmayan Asset,/Game/Characters/Mannequins/Anims/Rifle/Jog/A_MF_Rifle_Jog_Bwd_Right.A_MF_Rifle_Jog_Bwd_Right
Kullanilmayan Asset,/Game/Characters/Mannequins/Anims/Rifle/Jog/A_MF_Rifle_Jog_Fwd.A_MF_Rifle_Jog_Fwd
Kullanilmayan Asset,/Game/Characters/Mannequins/Anims/Rifle/Jog/A_MF_Rifle_Jog_Fwd_Left.A_MF_Rifle_Jog_Fwd_Left
Kullanilmayan Asset,/Game/Characters/Mannequins/Anims/Rifle/Jog/A_MF_Rifle_Jog_Fwd_Right.A_MF_Rifle_Jog_Fwd_Right
Kullanilmayan Asset,/Game/Characters/Mannequins/Anims/Rifle/Jog/A_MF_Rifle_Jog_Left.A_MF_Rifle_Jog_Left
Kullanilmayan Asset,/Game/Characters/Mannequins/Anims/Rifle/Jog/A_MF_Rifle_Jog_Right.A_MF_Rifle_Jog_Right
Kullanilmayan Asset,/Game/Characters/Mannequins/Anims/Rifle/Jump/A_MM_Rifle_Jump_Apex.A_MM_Rifle_Jump_Apex
Kullanilmayan Asset,/Game/Characters/Mannequins/Anims/Rifle/Jump/A_MM_Rifle_Jump_Fall_Land.A_MM_Rifle_Jump_Fall_Land
Kullanilmayan Asset,/Game/Characters/Mannequins/Anims/Rifle/Jump/A_MM_Rifle_Jump_Fall_Loop.A_MM_Rifle_Jump_Fall_Loop
Kullanilmayan Asset,/Game/Characters/Mannequins/Anims/Rifle/Jump/A_MM_Rifle_Jump_RecoveryAdditive.A_MM_Rifle_Jump_RecoveryAdditive
Kullanilmayan Asset,/Game/Characters/Mannequins/Anims/Rifle/Jump/A_MM_Rifle_Jump_Start.A_MM_Rifle_Jump_Start
Kullanilmayan Asset,/Game/Characters/Mannequins/Anims/Rifle/Jump/A_MM_Rifle_Jump_Start_Loop.A_MM_Rifle_Jump_Start_Loop
Kullanilmayan Asset,/Game/Characters/Mannequins/Anims/Rifle/Walk/A_MF_Rifle_Walk_Bwd.A_MF_Rifle_Walk_Bwd
Kullanilmayan Asset,/Game/Characters/Mannequins/Anims/Rifle/Walk/A_MF_Rifle_Walk_Bwd_Left.A_MF_Rifle_Walk_Bwd_Left
Kullanilmayan Asset,/Game/Characters/Mannequins/Anims/Rifle/Walk/A_MF_Rifle_Walk_Bwd_Right.A_MF_Rifle_Walk_Bwd_Right
Kullanilmayan Asset,/Game/Characters/Mannequins/Anims/Rifle/Walk/A_MF_Rifle_Walk_Fwd.A_MF_Rifle_Walk_Fwd
Kullanilmayan Asset,/Game/Characters/Mannequins/Anims/Rifle/Walk/A_MF_Rifle_Walk_Fwd_Left.A_MF_Rifle_Walk_Fwd_Left
Kullanilmayan Asset,/Game/Characters/Mannequins/Anims/Rifle/Walk/A_MF_Rifle_Walk_Fwd_Right.A_MF_Rifle_Walk_Fwd_Right
Kullanilmayan Asset,/Game/Characters/Mannequins/Anims/Rifle/Walk/A_MF_Rifle_Walk_Left.A_MF_Rifle_Walk_Left
Kullanilmayan Asset,/Game/Characters/Mannequins/Anims/Rifle/Walk/A_MF_Rifle_Walk_Right.A_MF_Rifle_Walk_Right
Kullanilmayan Asset,/Game/Characters/Mannequins/Anims/Unarmed/A_MM_Idle.A_MM_Idle
Kullanilmayan Asset,/Game/Characters/Mannequins/Anims/Unarmed/ABP_Unarmed.ABP_Unarmed
Kullanilmayan Asset,/Game/Characters/Mannequins/Anims/Unarmed/Attack/A_MM_Attack_01.A_MM_Attack_01
Kullanilmayan Asset,/Game/Characters/Mannequins/Anims/Unarmed/Attack/A_MM_Attack_02.A_MM_Attack_02
Kullanilmayan Asset,/Game/Characters/Mannequins/Anims/Unarmed/Attack/A_MM_Attack_03.A_MM_Attack_03
Kullanilmayan Asset,/Game/Characters/Mannequins/Anims/Unarmed/Attack/A_MM_ChargedAttack.A_MM_ChargedAttack
Kullanilmayan Asset,/Game/Characters/Mannequins/Anims/Unarmed/BS_Idle_Walk_Run.BS_Idle_Walk_Run
Kullanilmayan Asset,/Game/Characters/Mannequins/Anims/Unarmed/Jog/A_MF_Unarmed_Jog_Bwd.A_MF_Unarmed_Jog_Bwd
Kullanilmayan Asset,/Game/Characters/Mannequins/Anims/Unarmed/Jog/A_MF_Unarmed_Jog_Bwd_Left.A_MF_Unarmed_Jog_Bwd_Left
Kullanilmayan Asset,/Game/Characters/Mannequins/Anims/Unarmed/Jog/A_MF_Unarmed_Jog_Bwd_Right.A_MF_Unarmed_Jog_Bwd_Right
Kullanilmayan Asset,/Game/Characters/Mannequins/Anims/Unarmed/Jog/A_MF_Unarmed_Jog_Fwd.A_MF_Unarmed_Jog_Fwd
Kullanilmayan Asset,/Game/Characters/Mannequins/Anims/Unarmed/Jog/A_MF_Unarmed_Jog_Fwd_Left.A_MF_Unarmed_Jog_Fwd_Left
Kullanilmayan Asset,/Game/Characters/Mannequins/Anims/Unarmed/Jog/A_MF_Unarmed_Jog_Fwd_Right.A_MF_Unarmed_Jog_Fwd_Right
Kullanilmayan Asset,/Game/Characters/Mannequins/Anims/Unarmed/Jog/A_MF_Unarmed_Jog_Left.A_MF_Unarmed_Jog_Left
Kullanilmayan Asset,/Game/Characters/Mannequins/Anims/Unarmed/Jog/A_MF_Unarmed_Jog_Right.A_MF_Unarmed_Jog_Right
Kullanilmayan Asset,/Game/Characters/Mannequins/Anims/Unarmed/Jump/A_MM_Dash.A_MM_Dash
Kullanilmayan Asset,/Game/Characters/Mannequins/Anims/Unarmed/Jump/A_MM_Fall_Loop.A_MM_Fall_Loop
Kullanilmayan Asset,/Game/Characters/Mannequins/Anims/Unarmed/Jump/A_MM_Jump.A_MM_Jump
Kullanilmayan Asset,/Game/Characters/Mannequins/Anims/Unarmed/Jump/A_MM_Land.A_MM_Land
Kullanilmayan Asset,/Game/Characters/Mannequins/Anims/Unarmed/Jump/A_MM_WallJump.A_MM_WallJump
Kullanilmayan Asset,/Game/Characters/Mannequins/Anims/Unarmed/Walk/A_MF_Unarmed_Walk_Bwd.A_MF_Unarmed_Walk_Bwd
Kullanilmayan Asset,/Game/Characters/Mannequins/Anims/Unarmed/Walk/A_MF_Unarmed_Walk_Bwd_Left.A_MF_Unarmed_Walk_Bwd_Left
Kullanilmayan Asset,/Game/Characters/Mannequins/Anims/Unarmed/Walk/A_MF_Unarmed_Walk_Bwd_Right.A_MF_Unarmed_Walk_Bwd_Right
Kullanilmayan Asset,/Game/Characters/Mannequins/Anims/Unarmed/Walk/A_MF_Unarmed_Walk_Fwd.A_MF_Unarmed_Walk_Fwd
Kullanilmayan Asset,/Game/Characters/Mannequins/Anims/Unarmed/Walk/A_MF_Unarmed_Walk_Fwd_Left.A_MF_Unarmed_Walk_Fwd_Left
Kullanilmayan Asset,/Game/Characters/Mannequins/Anims/Unarmed/Walk/A_MF_Unarmed_Walk_Fwd_Right.A_MF_Unarmed_Walk_Fwd_Right
Kullanilmayan Asset,/Game/Characters/Mannequins/Anims/Unarmed/Walk/A_MF_Unarmed_Walk_Left.A_MF_Unarmed_Walk_Left
Kullanilmayan Asset,/Game/Characters/Mannequins/Anims/Unarmed/Walk/A_MF_Unarmed_Walk_Right.A_MF_Unarmed_Walk_Right
Kullanilmayan Asset,/Game/Characters/Mannequins/Materials/M_Mannequin.M_Mannequin
Kullanilmayan Asset,/Game/Characters/Mannequins/Materials/Manny/MI_Manny_01_New.MI_Manny_01_New
Kullanilmayan Asset,/Game/Characters/Mannequins/Materials/Manny/MI_Manny_02_New.MI_Manny_02_New
Kullanilmayan Asset,/Game/Characters/Mannequins/Materials/Quinn/MI_Quinn_01.MI_Quinn_01
Kullanilmayan Asset,/Game/Characters/Mannequins/Materials/Quinn/MI_Quinn_02.MI_Quinn_02
Kullanilmayan Asset,/Game/Characters/Mannequins/Meshes/SK_SKM_Manny_Simple.SK_SKM_Manny_Simple
Kullanilmayan Asset,/Game/Characters/Mannequins/Meshes/SK_SKM_Quinn_Simple.SK_SKM_Quinn_Simple
Kullanilmayan Asset,/Game/Characters/Mannequins/Meshes/SKEL_SK_Mannequin.SKEL_SK_Mannequin
Kullanilmayan Asset,/Game/Characters/Mannequins/Rigs/CR_Mannequin_Body.CR_Mannequin_Body
Kullanilmayan Asset,/Game/Characters/Mannequins/Rigs/CR_Mannequin_FootIK.CR_Mannequin_FootIK
Kullanilmayan Asset,/Game/Characters/Mannequins/Rigs/CR_Mannequin_Procedural.CR_Mannequin_Procedural
Kullanilmayan Asset,/Game/Characters/Mannequins/Rigs/PHYS_PA_Mannequin.PHYS_PA_Mannequin
Kullanilmayan Asset,/Game/Characters/Mannequins/Textures/Manny/T_Manny_01_BN.T_Manny_01_BN
Kullanilmayan Asset,/Game/Characters/Mannequins/Textures/Manny/T_Manny_01_D.T_Manny_01_D
Kullanilmayan Asset,/Game/Characters/Mannequins/Textures/Manny/T_Manny_01_MRA.T_Manny_01_MRA
Kullanilmayan Asset,/Game/Characters/Mannequins/Textures/Manny/T_Manny_02_BN.T_Manny_02_BN
Kullanilmayan Asset,/Game/Characters/Mannequins/Textures/Manny/T_Manny_02_D.T_Manny_02_D
Kullanilmayan Asset,/Game/Characters/Mannequins/Textures/Manny/T_Manny_02_MRA.T_Manny_02_MRA
Kullanilmayan Asset,/Game/Characters/Mannequins/Textures/Manny/T_Manny_02_N.T_Manny_02_N
Kullanilmayan Asset,/Game/Characters/Mannequins/Textures/Quinn/T_Quinn_01_D.T_Quinn_01_D
Kullanilmayan Asset,/Game/Characters/Mannequins/Textures/Quinn/T_Quinn_01_MRA.T_Quinn_01_MRA
Kullanilmayan Asset,/Game/Characters/Mannequins/Textures/Quinn/T_Quinn_01_N.T_Quinn_01_N
Kullanilmayan Asset,/Game/Characters/Mannequins/Textures/Quinn/T_Quinn_02_D.T_Quinn_02_D
Kullanilmayan Asset,/Game/Characters/Mannequins/Textures/Quinn/T_Quinn_02_MRA.T_Quinn_02_MRA
Kullanilmayan Asset,/Game/Characters/Mannequins/Textures/Quinn/T_Quinn_02_N.T_Quinn_02_N
Kullanilmayan Asset,/Game/Characters/Mannequins/Textures/Shared/T_UE_Logo_M.T_UE_Logo_M
Kullanilmayan Asset,/Game/FirstPerson/Anims/ABP_FP_Copy.ABP_FP_Copy
Kullanilmayan Asset,/Game/FirstPerson/Anims/CtrlRig_FPWarp.CtrlRig_FPWarp
Kullanilmayan Asset,/Game/FirstPerson/Blueprints/BP_FirstPersonCameraManager.BP_FirstPersonCameraManager
Kullanilmayan Asset,/Game/FirstPerson/Blueprints/BP_FirstPersonCharacter.BP_FirstPersonCharacter
Kullanilmayan Asset,/Game/FirstPerson/Blueprints/BP_FirstPersonGameMode.BP_FirstPersonGameMode
Kullanilmayan Asset,/Game/FirstPerson/Blueprints/BP_FirstPersonPlayerController.BP_FirstPersonPlayerController
Kullanilmayan Asset,/Game/FirstPerson/Lvl_FirstPerson.Lvl_FirstPerson
Kullanilmayan Asset,/Game/FirstPerson/Lvl_FirstPerson.Lvl_FirstPerson:PersistentLevel.ActorFolder_UID_EC96274E-49AF17D4-40ED9AB3-70588C64
Kullanilmayan Asset,/Game/FirstPerson/Lvl_FirstPerson.Lvl_FirstPerson:PersistentLevel.DirectionalLight_0
Kullanilmayan Asset,/Game/FirstPerson/Lvl_FirstPerson.Lvl_FirstPerson:PersistentLevel.ExponentialHeightFog_0
Kullanilmayan Asset,/Game/FirstPerson/Lvl_FirstPerson.Lvl_FirstPerson:PersistentLevel.Floor_0
Kullanilmayan Asset,/Game/FirstPerson/Lvl_FirstPerson.Lvl_FirstPerson:PersistentLevel.PlayerStart_0
Kullanilmayan Asset,/Game/FirstPerson/Lvl_FirstPerson.Lvl_FirstPerson:PersistentLevel.SkyAtmosphere_0
Kullanilmayan Asset,/Game/FirstPerson/Lvl_FirstPerson.Lvl_FirstPerson:PersistentLevel.SkyLight_0
Kullanilmayan Asset,/Game/FirstPerson/Lvl_FirstPerson.Lvl_FirstPerson:PersistentLevel.StaticMeshActor_0
Kullanilmayan Asset,/Game/FirstPerson/Lvl_FirstPerson.Lvl_FirstPerson:PersistentLevel.StaticMeshActor_10
Kullanilmayan Asset,/Game/FirstPerson/Lvl_FirstPerson.Lvl_FirstPerson:PersistentLevel.StaticMeshActor_11
Kullanilmayan Asset,/Game/FirstPerson/Lvl_FirstPerson.Lvl_FirstPerson:PersistentLevel.StaticMeshActor_12
Kullanilmayan Asset,/Game/FirstPerson/Lvl_FirstPerson.Lvl_FirstPerson:PersistentLevel.StaticMeshActor_14
Kullanilmayan Asset,/Game/FirstPerson/Lvl_FirstPerson.Lvl_FirstPerson:PersistentLevel.StaticMeshActor_15
Kullanilmayan Asset,/Game/FirstPerson/Lvl_FirstPerson.Lvl_FirstPerson:PersistentLevel.StaticMeshActor_16
Kullanilmayan Asset,/Game/FirstPerson/Lvl_FirstPerson.Lvl_FirstPerson:PersistentLevel.StaticMeshActor_17
Kullanilmayan Asset,/Game/FirstPerson/Lvl_FirstPerson.Lvl_FirstPerson:PersistentLevel.StaticMeshActor_18
Kullanilmayan Asset,/Game/FirstPerson/Lvl_FirstPerson.Lvl_FirstPerson:PersistentLevel.StaticMeshActor_19
Kullanilmayan Asset,/Game/FirstPerson/Lvl_FirstPerson.Lvl_FirstPerson:PersistentLevel.StaticMeshActor_20
Kullanilmayan Asset,/Game/FirstPerson/Lvl_FirstPerson.Lvl_FirstPerson:PersistentLevel.StaticMeshActor_21
Kullanilmayan Asset,/Game/FirstPerson/Lvl_FirstPerson.Lvl_FirstPerson:PersistentLevel.StaticMeshActor_22
Kullanilmayan Asset,/Game/FirstPerson/Lvl_FirstPerson.Lvl_FirstPerson:PersistentLevel.StaticMeshActor_23
Kullanilmayan Asset,/Game/FirstPerson/Lvl_FirstPerson.Lvl_FirstPerson:PersistentLevel.StaticMeshActor_24
Kullanilmayan Asset,/Game/FirstPerson/Lvl_FirstPerson.Lvl_FirstPerson:PersistentLevel.StaticMeshActor_25
Kullanilmayan Asset,/Game/FirstPerson/Lvl_FirstPerson.Lvl_FirstPerson:PersistentLevel.StaticMeshActor_26
Kullanilmayan Asset,/Game/FirstPerson/Lvl_FirstPerson.Lvl_FirstPerson:PersistentLevel.StaticMeshActor_27
Kullanilmayan Asset,/Game/FirstPerson/Lvl_FirstPerson.Lvl_FirstPerson:PersistentLevel.StaticMeshActor_28
Kullanilmayan Asset,/Game/FirstPerson/Lvl_FirstPerson.Lvl_FirstPerson:PersistentLevel.StaticMeshActor_29
Kullanilmayan Asset,/Game/FirstPerson/Lvl_FirstPerson.Lvl_FirstPerson:PersistentLevel.StaticMeshActor_30
Kullanilmayan Asset,/Game/FirstPerson/Lvl_FirstPerson.Lvl_FirstPerson:PersistentLevel.StaticMeshActor_31
Kullanilmayan Asset,/Game/FirstPerson/Lvl_FirstPerson.Lvl_FirstPerson:PersistentLevel.StaticMeshActor_32
Kullanilmayan Asset,/Game/FirstPerson/Lvl_FirstPerson.Lvl_FirstPerson:PersistentLevel.StaticMeshActor_33
Kullanilmayan Asset,/Game/FirstPerson/Lvl_FirstPerson.Lvl_FirstPerson:PersistentLevel.StaticMeshActor_34
Kullanilmayan Asset,/Game/FirstPerson/Lvl_FirstPerson.Lvl_FirstPerson:PersistentLevel.StaticMeshActor_35
Kullanilmayan Asset,/Game/FirstPerson/Lvl_FirstPerson.Lvl_FirstPerson:PersistentLevel.StaticMeshActor_36
Kullanilmayan Asset,/Game/FirstPerson/Lvl_FirstPerson.Lvl_FirstPerson:PersistentLevel.StaticMeshActor_37
Kullanilmayan Asset,/Game/FirstPerson/Lvl_FirstPerson.Lvl_FirstPerson:PersistentLevel.StaticMeshActor_38
Kullanilmayan Asset,/Game/FirstPerson/Lvl_FirstPerson.Lvl_FirstPerson:PersistentLevel.StaticMeshActor_39
Kullanilmayan Asset,/Game/FirstPerson/Lvl_FirstPerson.Lvl_FirstPerson:PersistentLevel.StaticMeshActor_4
Kullanilmayan Asset,/Game/FirstPerson/Lvl_FirstPerson.Lvl_FirstPerson:PersistentLevel.StaticMeshActor_40
Kullanilmayan Asset,/Game/FirstPerson/Lvl_FirstPerson.Lvl_FirstPerson:PersistentLevel.StaticMeshActor_41
Kullanilmayan Asset,/Game/FirstPerson/Lvl_FirstPerson.Lvl_FirstPerson:PersistentLevel.StaticMeshActor_42
Kullanilmayan Asset,/Game/FirstPerson/Lvl_FirstPerson.Lvl_FirstPerson:PersistentLevel.StaticMeshActor_43
Kullanilmayan Asset,/Game/FirstPerson/Lvl_FirstPerson.Lvl_FirstPerson:PersistentLevel.StaticMeshActor_44
Kullanilmayan Asset,/Game/FirstPerson/Lvl_FirstPerson.Lvl_FirstPerson:PersistentLevel.StaticMeshActor_45
Kullanilmayan Asset,/Game/FirstPerson/Lvl_FirstPerson.Lvl_FirstPerson:PersistentLevel.StaticMeshActor_54
Kullanilmayan Asset,/Game/FirstPerson/Lvl_FirstPerson.Lvl_FirstPerson:PersistentLevel.StaticMeshActor_55
Kullanilmayan Asset,/Game/FirstPerson/Lvl_FirstPerson.Lvl_FirstPerson:PersistentLevel.StaticMeshActor_56
Kullanilmayan Asset,/Game/FirstPerson/Lvl_FirstPerson.Lvl_FirstPerson:PersistentLevel.StaticMeshActor_57
Kullanilmayan Asset,/Game/FirstPerson/Lvl_FirstPerson.Lvl_FirstPerson:PersistentLevel.StaticMeshActor_59
Kullanilmayan Asset,/Game/FirstPerson/Lvl_FirstPerson.Lvl_FirstPerson:PersistentLevel.StaticMeshActor_6
Kullanilmayan Asset,/Game/FirstPerson/Lvl_FirstPerson.Lvl_FirstPerson:PersistentLevel.StaticMeshActor_61
Kullanilmayan Asset,/Game/FirstPerson/Lvl_FirstPerson.Lvl_FirstPerson:PersistentLevel.StaticMeshActor_62
Kullanilmayan Asset,/Game/FirstPerson/Lvl_FirstPerson.Lvl_FirstPerson:PersistentLevel.StaticMeshActor_63
Kullanilmayan Asset,/Game/FirstPerson/Lvl_FirstPerson.Lvl_FirstPerson:PersistentLevel.StaticMeshActor_64
Kullanilmayan Asset,/Game/FirstPerson/Lvl_FirstPerson.Lvl_FirstPerson:PersistentLevel.StaticMeshActor_65
Kullanilmayan Asset,/Game/FirstPerson/Lvl_FirstPerson.Lvl_FirstPerson:PersistentLevel.StaticMeshActor_66
Kullanilmayan Asset,/Game/FirstPerson/Lvl_FirstPerson.Lvl_FirstPerson:PersistentLevel.StaticMeshActor_67
Kullanilmayan Asset,/Game/FirstPerson/Lvl_FirstPerson.Lvl_FirstPerson:PersistentLevel.StaticMeshActor_68
Kullanilmayan Asset,/Game/FirstPerson/Lvl_FirstPerson.Lvl_FirstPerson:PersistentLevel.StaticMeshActor_7
Kullanilmayan Asset,/Game/FirstPerson/Lvl_FirstPerson.Lvl_FirstPerson:PersistentLevel.StaticMeshActor_8
Kullanilmayan Asset,/Game/FirstPerson/Lvl_FirstPerson.Lvl_FirstPerson:PersistentLevel.StaticMeshActor_9
Kullanilmayan Asset,/Game/FirstPerson/Lvl_FirstPerson.Lvl_FirstPerson:PersistentLevel.VolumetricCloud_0
Kullanilmayan Asset,/Game/FirstPerson/Lvl_FirstPerson.Lvl_FirstPerson:PersistentLevel.WorldDataLayers
Kullanilmayan Asset,/Game/FirstPerson/Lvl_FirstPerson.Lvl_FirstPerson:PersistentLevel.WorldPartitionMiniMap_0
Kullanilmayan Asset,/Game/FirstPerson/MI_FirstPersonColorway.MI_FirstPersonColorway
Kullanilmayan Asset,/Game/Input/Actions/IA_Jump.IA_Jump
Kullanilmayan Asset,/Game/Input/Actions/IA_Look.IA_Look
Kullanilmayan Asset,/Game/Input/Actions/IA_MouseLook.IA_MouseLook
Kullanilmayan Asset,/Game/Input/Actions/IA_Move.IA_Move
Kullanilmayan Asset,/Game/Input/IMC_Default.IMC_Default
Kullanilmayan Asset,/Game/Input/IMC_MouseLook.IMC_MouseLook
Kullanilmayan Asset,/Game/Input/Touch/BP_BPI_TouchInterface.BP_BPI_TouchInterface
Kullanilmayan Asset,/Game/Input/Touch/WBP_UI_Thumbstick.WBP_UI_Thumbstick
Kullanilmayan Asset,/Game/Input/Touch/WBP_UI_TouchSimple.WBP_UI_TouchSimple
Kullanilmayan Asset,/Game/Level.Level
Kullanilmayan Asset,/Game/LevelPrototyping/Interactable/Door/Assets/Meshes/SM_Door.SM_Door
Kullanilmayan Asset,/Game/LevelPrototyping/Interactable/Door/Assets/Meshes/SM_DoorFrame_Corner.SM_DoorFrame_Corner
Kullanilmayan Asset,/Game/LevelPrototyping/Interactable/Door/Assets/Meshes/SM_DoorFrame_Edge.SM_DoorFrame_Edge
Kullanilmayan Asset,/Game/LevelPrototyping/Interactable/Door/BP_DoorFrame.BP_DoorFrame
Kullanilmayan Asset,/Game/LevelPrototyping/Interactable/JumpPad/Assets/Materials/M_GradientGlow.M_GradientGlow
Kullanilmayan Asset,/Game/LevelPrototyping/Interactable/JumpPad/Assets/Materials/M_SimpleGlow.M_SimpleGlow
Kullanilmayan Asset,/Game/LevelPrototyping/Interactable/JumpPad/Assets/Materials/MI_GlowNT.MI_GlowNT
Kullanilmayan Asset,/Game/LevelPrototyping/Interactable/JumpPad/Assets/Meshes/SM_CircularBand.SM_CircularBand
Kullanilmayan Asset,/Game/LevelPrototyping/Interactable/JumpPad/Assets/Meshes/SM_CircularGlow.SM_CircularGlow
Kullanilmayan Asset,/Game/LevelPrototyping/Interactable/JumpPad/Assets/NS_JumpPad.NS_JumpPad
Kullanilmayan Asset,/Game/LevelPrototyping/Interactable/JumpPad/BP_JumpPad.BP_JumpPad
Kullanilmayan Asset,/Game/LevelPrototyping/Interactable/Target/Assets/SM_TargetBaseMesh.SM_TargetBaseMesh
Kullanilmayan Asset,/Game/LevelPrototyping/Interactable/Target/BP_WobbleTarget.BP_WobbleTarget
Kullanilmayan Asset,/Game/LevelPrototyping/Materials/M_FlatCol.M_FlatCol
Kullanilmayan Asset,/Game/LevelPrototyping/Materials/M_PrototypeGrid.M_PrototypeGrid
Kullanilmayan Asset,/Game/LevelPrototyping/Materials/MF_ProcGrid.MF_ProcGrid
Kullanilmayan Asset,/Game/LevelPrototyping/Materials/MI_DefaultColorway.MI_DefaultColorway
Kullanilmayan Asset,/Game/LevelPrototyping/Materials/MI_PrototypeGrid_Gray.MI_PrototypeGrid_Gray
Kullanilmayan Asset,/Game/LevelPrototyping/Materials/MI_PrototypeGrid_Gray_02.MI_PrototypeGrid_Gray_02
Kullanilmayan Asset,/Game/LevelPrototyping/Materials/MI_PrototypeGrid_TopDark.MI_PrototypeGrid_TopDark
Kullanilmayan Asset,/Game/LevelPrototyping/Meshes/SM_ChamferCube.SM_ChamferCube
Kullanilmayan Asset,/Game/LevelPrototyping/Meshes/SM_Cube.SM_Cube
Kullanilmayan Asset,/Game/LevelPrototyping/Meshes/SM_Cylinder.SM_Cylinder
Kullanilmayan Asset,/Game/LevelPrototyping/Meshes/SM_QuarterCylinder.SM_QuarterCylinder
Kullanilmayan Asset,/Game/LevelPrototyping/Meshes/SM_Ramp.SM_Ramp
Kullanilmayan Asset,/Game/LevelPrototyping/Textures/T_GridChecker_A.T_GridChecker_A
Kullanilmayan Asset,/Game/Weapons/GrenadeLauncher/Audio/A_FirstPersonTemplateWeaponFire02.A_FirstPersonTemplateWeaponFire02
Kullanilmayan Asset,/Game/Weapons/GrenadeLauncher/Materials/M_GrenadeLauncher.M_GrenadeLauncher
Kullanilmayan Asset,/Game/Weapons/GrenadeLauncher/Materials/M_ProjectileBullet.M_ProjectileBullet
Kullanilmayan Asset,/Game/Weapons/GrenadeLauncher/Meshes/PHYS_PA_GrenadeLauncher.PHYS_PA_GrenadeLauncher
Kullanilmayan Asset,/Game/Weapons/GrenadeLauncher/Meshes/SK_SKM_GrenadeLauncher.SK_SKM_GrenadeLauncher
Kullanilmayan Asset,/Game/Weapons/GrenadeLauncher/Meshes/SKEL_SK_GrenadeLauncher.SKEL_SK_GrenadeLauncher
Kullanilmayan Asset,/Game/Weapons/GrenadeLauncher/Meshes/SM_FirstPersonProjectileMesh.SM_FirstPersonProjectileMesh
Kullanilmayan Asset,/Game/Weapons/GrenadeLauncher/Meshes/SM_GrenadeLauncher.SM_GrenadeLauncher
Kullanilmayan Asset,/Game/Weapons/GrenadeLauncher/Textures/T_FPGun_M.T_FPGun_M
Kullanilmayan Asset,/Game/Weapons/GrenadeLauncher/Textures/T_FPGun_N.T_FPGun_N
Kullanilmayan Asset,/Game/Weapons/Pistol/Materials/MI_Weapon_Pistol.MI_Weapon_Pistol
Kullanilmayan Asset,/Game/Weapons/Pistol/Meshes/PHYS_PA_Pistol.PHYS_PA_Pistol
Kullanilmayan Asset,/Game/Weapons/Pistol/Meshes/SK_SKM_Pistol.SK_SKM_Pistol
Kullanilmayan Asset,/Game/Weapons/Pistol/Meshes/SKEL_SK_Pistol.SKEL_SK_Pistol
Kullanilmayan Asset,/Game/Weapons/Pistol/Meshes/SM_Pistol.SM_Pistol
Kullanilmayan Asset,/Game/Weapons/Pistol/Textures/T_Pistol_AORM.T_Pistol_AORM
Kullanilmayan Asset,/Game/Weapons/Pistol/Textures/T_Pistol_D.T_Pistol_D
Kullanilmayan Asset,/Game/Weapons/Pistol/Textures/T_Pistol_Masks.T_Pistol_Masks
Kullanilmayan Asset,/Game/Weapons/Pistol/Textures/T_Pistol_N.T_Pistol_N
Kullanilmayan Asset,/Game/Weapons/Rifle/M_Weapon.M_Weapon
Kullanilmayan Asset,/Game/Weapons/Rifle/Materials/M_Rifle.M_Rifle
Kullanilmayan Asset,/Game/Weapons/Rifle/Materials/M_Weapon.M_Weapon
Kullanilmayan Asset,/Game/Weapons/Rifle/Meshes/PHYS_PA_Rifle.PHYS_PA_Rifle
Kullanilmayan Asset,/Game/Weapons/Rifle/Meshes/SK_SKM_Rifle.SK_SKM_Rifle
Kullanilmayan Asset,/Game/Weapons/Rifle/Meshes/SKEL_SK_Rifle.SKEL_SK_Rifle
Kullanilmayan Asset,/Game/Weapons/Rifle/Meshes/SM_Rifle.SM_Rifle
Kullanilmayan Asset,/Game/Weapons/Rifle/Textures/T_Rifle_BC.T_Rifle_BC
Kullanilmayan Asset,/Game/Weapons/Rifle/Textures/T_Rifle_N.T_Rifle_N
Bos Klasor,/Game/Collections
Bos Klasor,/Game/Python
Bos Klasor,/Game/Python/__pycache__
